,SKU,Harga,Jumlah_Penjualan,Halaman,GMV
0,HELM SEPEDA ROCKBROS TT30 ORIGINAL BICYCLE HELMET MTB ROAD BIKE LIPAT,361000,55,1,19855000
1,Lampu Sepeda Led Belakang Rockbros Q1 original mtb gunung Lipat Fixie Roadbike Rechargeable,380000,892,1,338960000
2,ROCKBROS M005BK Topi Sepeda Cycling Cap Bike Hat Ice Silk Breathable - Topi Dalaman Helm,80750,389,1,31411750
3,ROCKBROS LKPJ003 Leging Manset Kaki Leg sleeves Sepeda – Black,63960,120,1,7675200
4,Manset Tangan Sepeda Rockbros Original anti UV Arm sleeve Pria Wanita,150100,129,1,19362900
5,ROCKBROS S106 Bike Glove Half Finger – Sarung Tangan Sepeda 2 Warna,80750,33000,1,-1630217296
6,ROCKBROS XT-9002 Arm Sleeve - Manset tangan Sepeda untuk Pria dan Wanita - 2 warna,63900,36000,1,-1994567296
7,Hand Grip Gagang Sepeda Rockbros Handlebar Silicone Sponge - BT1001,23000,620,1,14260000
8,ROCKBROS Manset Tangan Sepeda Anti UV Arm Sleeve Outdoor ROCKBROS Original Ice Silk,44300,679,1,30079700
9,Rockbros Lampu Belakang Sepeda Gunung Usb Charging Untuk Malam Hari,19000,32000,1,608000000
10,ROCKBROS M005BK Topi Sepeda Cycling Cap Bike Hat Ice Silk Breathable - Topi Dalaman Helm,136725,389,1,53186025
11,Sadel Sepeda ROCKBROS AQ6090 With Reflektive Light Original,63960,622,1,39783120
12,Lampu Sepeda Led Belakang Rockbros Q1 original mtb gunung Lipat Fixie Roadbike Rechargeable,135000,892,1,120420000
13,Original Rockbros Manset Lengan Olahraga Sepeda Arm Sleve Rockbros Manset Murah,80750,42,1,3391500
14,MASKER SEPEDA ROCKBROS WB-001B HITAM SCARF SLAYER MOTOR GOWES ANTI UV,19000,824,1,15656000
15,ROCKBROS 01112 Bicycle Frame Chain Cover Protector Guard Cover Pelindung Bingkai Frame Rantai Sepeda,40000,430,1,17200000
16,Rockbros Alat Reparasi Sepeda 16 In 1 Multifungsi,9500,452,1,4294000
17,ROCKBROS Q1 Lampu Belakang Sepeda 6 Warna USB Rechargeable – Tail Light Saddle dan Seatpost,109313,813,1,88871469
18,ROCKBROS Manset Arm Sleeve Sepeda Pelindung Anti UV XT900,84550,115,1,9723250
19,Rockbros Congkelan Ban Sepeda Tire Lever Isi 2 Pcs,17500,69,1,1207500
20,ROCKBROS 2017-11B Pegangan Botol Minum Sepeda- Bike Bottle Cage-Bicycle Bottle Cage Holder-5Warna,20000,18000,1,360000000
21,Rockbros Toolkit Kunci Sepeda 16 in 1 Obeng Hex Original,38500,275,1,10587500
22,Rockbros Lampu Depan + Belakang Sepeda Mtb Anti Air Dengan Usb Rechargeable,34500,687,1,23701500
23,ROCKBROS 4522L Pompa Sepeda Mini Portable Bike Pump 80 PSIPentil Kecil Besar AV/FV Presta Schrader,137724,1000,1,137724000
24,Rockbros Tas Sepeda Original Bicycle Bag Waterproof Phone Case MTB gunung Roadbike fixie BMX,292524,281,1,82199244
25,Rockbros Pelindung Rantai Frame Sepeda Chain Guard,69420,62,1,4304040
26,Pompa Sepeda Rockbros Pump MTB Roadbike Presta Bola 5930 140Psi,133000,12000,1,1596000000
27,ROCKBROS KZ002 Masker Wajah Sepeda Anti UV Sport Cycling Face Mask Masker Sport Sepeda Lari Washable Reusable Adjustable Breathable Cool 3D,180000,54,1,9720000
28,Rockbros Lampu Depan Sepeda 400 / 800Lm Dengan Charger Usb Tahan Hujan,12000,310,1,3720000
29,4 Pasang Rockbros Bersepeda Manset Luar Ruangan Sepeda Motor Hiking Perlindungan UV,50000,4000,1,200000000
30,ROCKBROS LDRK1001 Bicycle Bell - Bel Sepeda Lipat MTB - Silver,49000,710,1,34790000
31,GRIP SETANG SEPEDA LIPAT ROCKBROS BT1802 BIKE HAND GRIP ORIGINAL,371047,176,1,65304272
32,Rockbros Bike Pedal Mountain Bike Pedal Wide Nylon Pedals,526241,425,1,223652425
33,BIKE GLOVE HALF FINGER ROCKBROS S099 - SARUNG TANGAN SEPEDA ORIGINAL,17000,238,1,4046000
34,ROCKBROS S099 Sarung Tangan Sepeda - Bike Glove Half Finger Anti Slip,67000,11000,1,737000000
35,Rockbros Mtb Road Bike Cycling Handlebar Ring Copper Bicycle Loud Bell Silver,33250,94,1,3125500
36,Lampu Sepeda Belakang ROCKBROS Q1 Bicycle Tail Light RECHARGEABLE / Lampu Belakang Sepeda,54000,168,1,9072000
37,Rockbros JG1040 Bike Portable Mini Pump - Pompa Sepeda Mini 100 psi,262664,485,1,127392040
38,Rockbros Manset Tangan Sepeda Manset Sepeda Anti Slip Anti UV Premium,301911,452,1,136463772
39,ROCKBROS YQ-QD400LM Waterproof Bike Light 400 LM - Lampu Senter Sepeda,51000,594,1,30294000
40,Rockbros Kacamata Polarized Photochromic Untuk Olahraga Bersepeda,60800,53,1,3222400
41,Rockbros 42260001 Pompa Portable Mini Pump Sepeda AV FV,62146,129,1,8016834
42,Rockbros 1 Pasang Grip Stang Sepeda Mtb Bahan Spons Lembut,105992,647,1,68576824
43,ROCKBROS R3-1000 Lampu Senter Depan Sepeda 1000Lumen Bike Front Light 4800mAh WaterproofRechargeable,80000,68,1,5440000
44,"Rockbros Pump 380G 160 PSI Pompa sepeda 160psi Bicycle Pump Presta, Schrader",90250,26,1,2346500
45,Rockbros Kaca Spion Hd Sudut Lebar 360 Derajat Adjustable Untuk Stang Sepeda Balap / Mtb,130000,27,1,3510000
46,ROCKBROS B60 B61 Tas Frame Depan Sepeda Bike Front Frame Bag Hard Shell Upper Tube Waterproof,118000,539,1,63602000
47,Hand Grip Sepeda Lock Rockbros Handle Grip Sepeda Lipat MTB BMX Minivelo DLL,243274,243,1,59115582
48,Rockbros Lampu Depan Sepeda Led Usb Dapat Diisi Ulang,325159,537,1,174610383
49,Toolkit Kunci Sepeda Rockbros 16 in 1 Obeng Hex,35000,31,1,1085000
50,"Pompa Sepeda ROCKBROS A320 – 120 Psi Bicycle Pump Presta, Schrader",77551,14000,1,1085714000
51,Masker balaclava Rockbros bike face mask with glasses hole,269000,642,1,172698000
52,Rockbros Pro Topi Pelindung Matahari Untuk Bersepeda,100000,14000,1,1400000000
53,Rockbros WB-001B BLACK - Masker Wajah Sepeda Anti UV Scarf Slayer - 2 warna,88637,733,1,64970921
